name,date,city,state,country,raw_score
Shai Maestro,2023-07-02,Lewes,,UK,20
Shai Maestro,2023-06-30,Lewes,,UK,20
Shai Maestro,2023-08-03,Agrigento,,Italy,20
Shai Maestro,2023-05-30,Vienna,,Austria,20
Shai Maestro,2023-05-28,'s Hertogenbosch,,Netherlands,20
Shai Maestro,2023-05-24,Tel Aviv-Jaffa,,Israel,20
Shai Maestro,2023-05-22,Correggio,,Italy,20
Yaron Herman,2023-06-29,Niort,,France,40
Yaron Herman,2023-06-28,Niort,,France,40
Yaron Herman,2023-06-30,Vienne,,France,40
Yaron Herman,2023-07-26,Limoges,,France,40
Billy Cobham,2023-07-27,Bad Nauheim,,Germany,50
Billy Cobham,2023-05-10,Stavanger,,Norway,50
Billy Cobham,2023-05-16,Berlin,,Germany,50
Billy Cobham,2023-05-17,Schwerin,,Germany,50
Billy Cobham,2023-05-24,Paris,,France,50
Billy Cobham,2023-07-30,Krakow,,Poland,50
Mat Zo,2023-07-21,George,WA,US,50
Todd Rundgren,2023-06-02,Bethlehem,PA,US,50
Todd Rundgren,2023-06-04,Mashantucket,CT,US,50
Todd Rundgren,2023-05-31,Beverly,MA,US,50
Todd Rundgren,2023-05-26,Hershey,PA,US,50
Todd Rundgren,2023-05-24,Montclair,NJ,US,50
Todd Rundgren,2023-07-09,London,,UK,50
Todd Rundgren,2023-06-07,Port Chester,NY,US,50
Todd Rundgren,2023-06-09,Atlantic City,NJ,US,50
LCD Soundsystem,2023-06-11,Grand Prairie,TX,US,60
LCD Soundsystem,2023-06-10,Atlanta,GA,US,60
LCD Soundsystem,2023-06-25,Chicago,IL,US,60
LCD Soundsystem,2023-06-23,Columbus,OH,US,60
LCD Soundsystem,2023-06-23,Nashville,TN,US,60
LCD Soundsystem,2023-06-23,Chicago,IL,US,60
LCD Soundsystem,2023-06-17,Boston,MA,US,60
LCD Soundsystem,2023-06-16,Columbia,MD,US,60
LCD Soundsystem,2023-06-16,Boston,MA,US,60
LCD Soundsystem,2023-06-09,New Orleans,LA,US,60
LCD Soundsystem,2023-06-24,Columbus,OH,US,60
LCD Soundsystem,2023-06-16,Queens,NY,US,60
LCD Soundsystem,2023-06-02,Pasadena,CA,US,60
LCD Soundsystem,2023-06-18,Columbia,MD,US,60
LCD Soundsystem,2023-06-02,San Diego,CA,US,60
LCD Soundsystem,2023-06-02,Palo Alto,CA,US,60
LCD Soundsystem,2023-06-04,Pasadena,CA,US,60
LCD Soundsystem,2023-06-09,Atlanta,GA,US,60
LCD Soundsystem,2023-06-09,Grand Prairie,TX,US,60
LCD Soundsystem,2023-06-03,San Diego,CA,US,60
Mr. Carmack,2023-06-03,Orlando,FL,US,60
Muse,2023-06-03,Wiener Neustadt,,Austria,60
Muse,2023-07-08,Saint-Denis,,France,60
Muse,2023-06-25,Milton Keynes,,UK,60
Muse,2023-06-29,Bordeaux,,France,60
Muse,2023-06-29,Rotselaar,,Belgium,60
Muse,2023-07-04,Santander,,Spain,60
Muse,2023-06-16,Neuhausen Ob Eck,,Germany,60
Muse,2023-06-20,Huddersfield,,UK,60
Muse,2023-06-23,Glasgow,,UK,60
Muse,2023-07-22,Milan,,Italy,60
Muse,2023-07-18,Rome,,Italy,60
Muse,2023-07-15,Marseille,,France,60
Muse,2023-07-29,Kuala Lumpur,,Malaysia,60
Muse,2023-06-16,Scheessel,,Germany,60
Muse,2023-07-12,Bern,,Switzerland,60
Muse,2023-06-09,Cologne,,Germany,60
Muse,2023-06-07,The Hague,,Netherlands,60
Muse,2023-07-06,Maxeville,,France,60
Muse,2023-06-01,Aarhus,,Denmark,60
Muse,2023-05-27,Plymouth,,UK,60
Muse,2023-05-05,Atlanta,GA,US,60
Muse,2023-06-15,Lyon,,France,60
DOMi & JD BECK,2023-10-18,Milwaukee,WI,US,70
DOMi & JD BECK,2023-10-31,Atlanta,GA,US,70
DOMi & JD BECK,2023-10-26,New York (NYC),NY,US,70
DOMi & JD BECK,2023-10-25,Boston,MA,US,70
DOMi & JD BECK,2023-10-24,Montreal,QC,Canada,70
DOMi & JD BECK,2023-10-21,Toronto,ON,Canada,70
DOMi & JD BECK,2023-10-19,Chicago,IL,US,70
DOMi & JD BECK,2023-10-17,Minneapolis,MN,US,70
DOMi & JD BECK,2023-10-20,Royal Oak,MI,US,70
DOMi & JD BECK,2023-10-11,Seattle,WA,US,70
DOMi & JD BECK,2023-10-14,Denver,CO,US,70
DOMi & JD BECK,2023-06-08,Arganda del Rey,,Spain,70
DOMi & JD BECK,2023-06-01,Barcelona,,Spain,70
DOMi & JD BECK,2023-06-23,Lido di Camaiore,,Italy,70
DOMi & JD BECK,2023-05-28,London,,UK,70
DOMi & JD BECK,2023-05-27,Brussels,,Belgium,70
DOMi & JD BECK,2023-06-25,Reims,,France,70
DOMi & JD BECK,2023-06-27,Paris,,France,70
DOMi & JD BECK,2023-06-29,Vienne,,France,70
DOMi & JD BECK,2023-07-07,Paris,,France,70
DOMi & JD BECK,2023-10-05,San Francisco,CA,US,70
Hans Zimmer,2023-05-24,Munich,,Germany,70
Hans Zimmer,2023-05-26,Berlin,,Germany,70
Hans Zimmer,2023-05-27,Berlin,,Germany,70
Hans Zimmer,2023-05-28,Hamburg,,Germany,70
Hans Zimmer,2023-06-03,Vienna,,Austria,70
Hans Zimmer,2023-06-02,Prague,,Czech Republic,70
Hans Zimmer,2023-05-23,Zürich,,Switzerland,70
Hans Zimmer,2023-06-09,Cologne,,Germany,70
Hans Zimmer,2023-06-10,Amsterdam,,Netherlands,70
Hans Zimmer,2023-05-30,Krakow,,Poland,70
Hans Zimmer,2023-05-22,Zürich,,Switzerland,70
Hans Zimmer,2023-06-14,London,,UK,70
Hans Zimmer,2023-05-16,Madrid,,Spain,70
Hans Zimmer,2023-05-09,Floirac,,France,70
Hans Zimmer,2023-06-15,London,,UK,70
Hans Zimmer,2023-06-16,Manchester,,UK,70
Hans Zimmer,2023-06-18,Dublin,,Ireland,70
Hans Zimmer,2023-06-23,Paris,,France,70
Hans Zimmer,2023-06-24,Paris,,France,70
Hans Zimmer,2023-06-11,Amsterdam,,Netherlands,70
Hans Zimmer,2023-05-20,Hannover,,Germany,70
Hans Zimmer,2023-05-06,Nice,,France,70
Hans Zimmer,2023-06-12,Rotterdam,,Netherlands,70
Jack Garratt,2023-08-10,Atherstone,,UK,70
Lamb Of God,2023-09-07,Bangor,ME,US,70
Lamb Of God,2023-09-07,Danville,VA,US,70
Lamb Of God,2023-07-28,Burgettstown,PA,US,70
Lamb Of God,2023-07-29,Noblesville,IN,US,70
Lamb Of God,2023-08-02,Camden,NJ,US,70
Lamb Of God,2023-05-26,Milwaukee,WI,US,70
Lamb Of God,2023-05-02,Mexico City,,Mexico,70
Lamb Of God,2023-09-15,Bristow,VA,US,70
Lamb Of God,2023-10-31,Nassau,,Bahamas,70
Lamb Of God,2023-08-05,Hershey,PA,US,70
Lamb Of God,2023-08-06,Scranton,PA,US,70
Lamb Of God,2023-08-08,Syracuse,NY,US,70
Lamb Of God,2023-08-12,Toronto,ON,Canada,70
Lamb Of God,2023-08-31,Albuquerque,NM,US,70
Lamb Of God,2023-08-29,West Valley City,UT,US,70
Lamb Of God,2023-08-23,Denver,CO,US,70
Lamb Of God,2023-08-09,Darien Center,NY,US,70
Lamb Of God,2023-09-12,Alpharetta,GA,US,70
Lamb Of God,2023-09-14,Virginia Beach,VA,US,70
Lamb Of God,2023-09-08,Gilford,NH,US,70
Lamb Of God,2023-08-20,Austin,TX,US,70
Lamb Of God,2023-08-17,The Woodlands,TX,US,70
Lamb Of God,2023-08-15,Rogers,AR,US,70
May Erlewine,2023-04-04,Vancouver,BC,Canada,70
May Erlewine,2023-05-04,Newaygo,MI,US,70
May Erlewine,2023-09-08,Boyne City,MI,US,70
May Erlewine,2023-08-20,Wellston,MI,US,70
May Erlewine,2023-06-17,Three Oaks,MI,US,70
May Erlewine,2023-05-02,Montreal,QC,Canada,70
May Erlewine,2023-05-12,Minneapolis,MN,US,70
May Erlewine,2023-05-05,Chicago,IL,US,70
May Erlewine,2023-05-03,Toronto,ON,Canada,70
May Erlewine,2023-05-14,Madison,WI,US,70
The Academy Of Ancient Music,2023-06-30,London,,UK,70
Joey Alexander,2023-05-26,Seoul,Korea,Republic Of,80
Joey Alexander,2023-05-19,Irvine,CA,US,80
Joey Alexander,2023-05-20,Mesa,AZ,US,80
Joey Alexander,2023-06-10,Princeton,NJ,US,80
Joey Alexander,2023-04-28,Calgary,AB,Canada,80
Mac Ayres,2023-03-26,Vancouver,BC,Canada,80
Mac Ayres,2023-05-03,Columbus,OH,US,80
Mac Ayres,2023-05-02,Pittsburgh,PA,US,80
Mac Ayres,2023-05-05,Chicago,IL,US,80
Mac Ayres,2023-05-06,Detroit,MI,US,80
Matchbox Twenty,2023-07-27,Bristow,VA,US,80
Matchbox Twenty,2023-06-27,Pelham,AL,US,80
Matchbox Twenty,2023-07-26,Virginia Beach,VA,US,80
Matchbox Twenty,2023-06-29,Dallas,TX,US,80
Matchbox Twenty,2023-07-30,Saratoga Springs,NY,US,80
Matchbox Twenty,2023-08-01,Darien Center,NY,US,80
Matchbox Twenty,2023-07-23,Mansfield,MA,US,80
Matchbox Twenty,2023-08-02,Toronto,ON,Canada,80
Matchbox Twenty,2023-08-04,Toledo,OH,US,80
Matchbox Twenty,2023-07-29,Syracuse,NY,US,80
Matchbox Twenty,2023-07-22,Uncasville,CT,US,80
Matchbox Twenty,2023-06-03,West Valley City,UT,US,80
Matchbox Twenty,2023-07-19,Bethlehem,PA,US,80
Matchbox Twenty,2023-05-24,Fresno,CA,US,80
Matchbox Twenty,2023-05-25,Bakersfield,CA,US,80
Matchbox Twenty,2023-05-27,Las Vegas,NV,US,80
Matchbox Twenty,2023-05-28,Irvine,CA,US,80
Matchbox Twenty,2023-05-30,San Diego,CA,US,80
Matchbox Twenty,2023-05-31,Phoenix,AZ,US,80
Matchbox Twenty,2023-06-02,Sparks,NV,US,80
Matchbox Twenty,2023-08-05,Noblesville,IN,US,80
Matchbox Twenty,2023-06-04,Nampa,ID,US,80
Matchbox Twenty,2023-06-06,Denver,CO,US,80
Matchbox Twenty,2023-06-08,Omaha,NE,US,80
Matchbox Twenty,2023-06-09,Sioux Falls,SD,US,80
Matchbox Twenty,2023-06-10,Welch,MN,US,80
Matchbox Twenty,2023-06-13,Cuyahoga Falls,OH,US,80
Matchbox Twenty,2023-06-14,Clarkston,MI,US,80
Matchbox Twenty,2023-06-16,Cincinnati,OH,US,80
Matchbox Twenty,2023-06-17,Moline,IL,US,80
Matchbox Twenty,2023-06-18,Kansas City,MO,US,80
Matchbox Twenty,2023-06-20,Maryland Heights,MO,US,80
Matchbox Twenty,2023-06-21,Oklahoma City,OK,US,80
Matchbox Twenty,2023-06-23,Rogers,AR,US,80
Matchbox Twenty,2023-06-25,Nashville,TN,US,80
Matchbox Twenty,2023-05-22,Hollywood,CA,US,80
Matchbox Twenty,2023-07-21,Gilford,NH,US,80
Matchbox Twenty,2023-08-06,Tinley Park,IL,US,80
Matchbox Twenty,2023-05-18,Auburn,WA,US,80
Matchbox Twenty,2023-07-02,Atlanta,GA,US,80
Matchbox Twenty,2023-05-19,Ridgefield,WA,US,80
Matchbox Twenty,2023-05-21,Concord,CA,US,80
Matchbox Twenty,2023-07-03,Nashville,TN,US,80
Matchbox Twenty,2023-07-05,Jacksonville,FL,US,80
Matchbox Twenty,2023-07-07,West Palm Beach,FL,US,80
Matchbox Twenty,2023-07-08,Tampa,FL,US,80
Matchbox Twenty,2023-05-16,Vancouver,BC,Canada,80
Matchbox Twenty,2023-06-30,The Woodlands,TX,US,80
Matchbox Twenty,2023-07-12,Raleigh,NC,US,80
Matchbox Twenty,2023-07-14,Burgettstown,PA,US,80
Matchbox Twenty,2023-07-15,Holmdel,NJ,US,80
Matchbox Twenty,2023-07-16,Camden,NJ,US,80
Matchbox Twenty,2023-07-18,Wantagh,NY,US,80
Matchbox Twenty,2023-07-11,Charlotte,NC,US,80
Shawn Mendes,2023-06-29,Nanterre,,France,80
The Chainsmokers,2023-05-01,Busan,Korea,Republic Of,80
The Chainsmokers,2023-05-05,West Palm Beach,FL,US,80
The Chainsmokers,2023-05-20,Guadalajara,,Mexico,80
The Chainsmokers,2023-07-21,Weeze,,Germany,80
The Chainsmokers,2023-07-01,Chicago,IL,US,80
The Chainsmokers,2023-07-14,Helsingborg,,Sweden,80
The Chainsmokers,2023-05-25,Las Vegas,NV,US,80
The Chainsmokers,2023-05-13,Mexico City,,Mexico,80
The Chicks,2023-06-27,Cardiff,,UK,80
The Chicks,2023-06-28,Glasgow,,UK,80
The Chicks,2023-06-30,Dublin,,Ireland,80
The Chicks,2023-09-10,Saskatoon,SK,Canada,80
The Chicks,2023-09-08,Edmonton,AB,Canada,80
The Chicks,2023-09-07,Calgary,AB,Canada,80
The Chicks,2023-09-01,Sioux Falls,SD,US,80
The Chicks,2023-06-20,Oslo,,Norway,80
The Chicks,2023-08-30,Omaha,NE,US,80
The Chicks,2023-08-29,Kansas City,MO,US,80
The Chicks,2023-08-26,Madison,WI,US,80
The Chicks,2023-08-25,Falcon Heights,MN,US,80
The Chicks,2023-08-19,Des Moines,IA,US,80
The Chicks,2023-07-04,Manchester,,UK,80
The Chicks,2023-07-21,Tulsa,OK,US,80
The Chicks,2023-06-23,Amsterdam,,Netherlands,80
The Chicks,2023-07-02,Birmingham,,UK,80
The Chicks,2023-06-21,Glastonbury,,UK,80
The Chicks,2023-09-12,Winnipeg,MB,Canada,80
The Chicks,2023-05-13,Las Vegas,NV,US,80
The Chicks,2023-07-22,North Little Rock,AR,US,80
The Chicks,2023-05-12,Las Vegas,NV,US,80
The Chicks,2023-05-10,Las Vegas,NV,US,80
The Chicks,2023-05-06,Las Vegas,NV,US,80
The Chicks,2023-05-05,Las Vegas,NV,US,80
The Chicks,2023-05-03,Las Vegas,NV,US,80
The Chicks,2023-09-18,Toronto,ON,Canada,80
The Chicks,2023-08-06,Saratoga Springs,NY,US,80
The Chicks,2023-08-10,Hershey,PA,US,80
The Chicks,2023-08-11,Canandaigua,NY,US,80
The Chicks,2023-08-13,Bangor,ME,US,80
The Chicks,2023-09-16,London,ON,Canada,80
The Chicks,2023-09-15,Ottawa,ON,Canada,80
The Chicks,2023-06-21,Stockholm,,Sweden,80
The Chicks,2023-07-25,Louisville,KY,US,80
The Chicks,2023-08-16,Columbus,OH,US,80
The Chicks,2023-07-29,Knoxville,TN,US,80
The Chicks,2023-07-30,Greensboro,NC,US,80
The Chicks,2023-07-27,Nashville,TN,US,80
The Chicks,2023-08-05,Gilford,NH,US,80
The Chicks,2023-08-03,Bethel,NY,US,80
The Chicks,2023-08-02,Columbia,MD,US,80
The Chicks,2023-08-17,Grand Rapids,MI,US,80
Theo Katzman,2023-10-07,Leuven,,Belgium,80
Theo Katzman,2023-10-06,Paris,,France,80
Theo Katzman,2023-10-04,Copenhagen,,Denmark,80
Theo Katzman,2023-10-03,Stockholm,,Sweden,80
Theo Katzman,2023-10-02,Oslo,,Norway,80
Theo Katzman,2023-04-04,Vancouver,BC,Canada,80
Theo Katzman,2023-09-28,Warsaw,,Poland,80
Theo Katzman,2023-05-14,Madison,WI,US,80
Theo Katzman,2023-10-08,Amsterdam,,Netherlands,80
Theo Katzman,2023-05-12,Minneapolis,MN,US,80
Theo Katzman,2023-05-09,St Louis,MO,US,80
Theo Katzman,2023-05-08,Indianapolis,IN,US,80
Theo Katzman,2023-05-06,Detroit,MI,US,80
Theo Katzman,2023-05-05,Cleveland,OH,US,80
Theo Katzman,2023-05-03,Toronto,ON,Canada,80
Theo Katzman,2023-05-02,Montreal,QC,Canada,80
Theo Katzman,2023-05-13,Chicago,IL,US,80
Theo Katzman,2023-10-14,Dublin,,Ireland,80
Theo Katzman,2023-10-12,London,,UK,80
Theo Katzman,2023-10-11,Manchester,,UK,80
Theo Katzman,2023-10-10,Glasgow,,UK,80
Theo Katzman,2023-09-30,Hamburg,,Germany,80
Theo Katzman,2023-09-29,Berlin,,Germany,80
Thundercat,2023-07-02,Lewes,,UK,80
Thundercat,2023-06-16,Wicklow,,Ireland,80
Thundercat,2023-06-30,Lewes,,UK,80
Thundercat,2023-06-28,Gdynia,,Poland,80
Thundercat,2023-06-20,Paris,,France,80
Thundercat,2023-06-19,Paris,,France,80
Thundercat,2023-05-25,Houston,TX,US,80
Thundercat,2023-05-20,Guadalajara,,Mexico,80
Thundercat,2023-05-19,Gulf Shores,AL,US,80
Thundercat,2023-05-14,Glendale,AZ,US,80
Thundercat,2023-05-13,Pala,CA,US,80
Thundercat,2023-05-12,San Diego,CA,US,80
Thundercat,2023-08-27,Port Townsend,WA,US,80
Thundercat,2023-05-17,San Antonio,TX,US,80
You Me At Six,2023-06-07,Nickelsdorf,,Austria,80
You Me At Six,2023-09-21,Louisville,KY,US,80
You Me At Six,2023-08-17,Kiewit-Hasselt,,Belgium,80
You Me At Six,2023-08-17,Gampel,,Switzerland,80
You Me At Six,2023-08-18,Crailsheim,,Germany,80
You Me At Six,2023-08-22,Leicester,,UK,80
You Me At Six,2023-08-23,Bournemouth,,UK,80
You Me At Six,2023-08-23,Reading,,UK,80
You Me At Six,2023-08-25,Wetherby,,UK,80
You Me At Six,2023-08-25,Reading,,UK,80
You Me At Six,2023-10-05,Sacramento,CA,US,80
You Me At Six,2023-07-23,Cuxhaven,,Germany,80
5 Seconds of Summer,2023-10-21,Las Vegas,NV,US,90
Disturbed,2023-06-19,Esch Sur Alzette,,Luxembourg,90
Disturbed,2023-08-26,Burgettstown,PA,US,90
Disturbed,2023-07-23,Albuquerque,NM,US,90
Disturbed,2023-07-25,Dallas,TX,US,90
Disturbed,2023-08-01,Alpharetta,GA,US,90
Disturbed,2023-08-03,West Palm Beach,FL,US,90
Disturbed,2023-08-05,Tampa,FL,US,90
Disturbed,2023-08-07,Raleigh,NC,US,90
Disturbed,2023-08-09,Bristow,VA,US,90
Disturbed,2023-07-27,The Woodlands,TX,US,90
Disturbed,2023-04-27,Montreal,QC,Canada,90
Disturbed,2023-04-29,Québec,QC,Canada,90
Disturbed,2023-09-02,Noblesville,IN,US,90
Disturbed,2023-09-01,Clarkston,MI,US,90
Disturbed,2023-08-30,Tinley Park,IL,US,90
Disturbed,2023-08-29,Maryland Heights,MO,US,90
Disturbed,2023-08-27,Cuyahoga Falls,OH,US,90
Disturbed,2023-08-11,Holmdel,NJ,US,90
Disturbed,2023-08-23,Gilford,NH,US,90
Disturbed,2023-08-21,Camden,NJ,US,90
Disturbed,2023-08-19,Wantagh,NY,US,90
Disturbed,2023-08-18,Mansfield,MA,US,90
Disturbed,2023-08-15,Cincinnati,OH,US,90
Disturbed,2023-07-22,Phoenix,AZ,US,90
Disturbed,2023-08-12,Syracuse,NY,US,90
Disturbed,2023-07-20,Irvine,CA,US,90
Disturbed,2023-07-18,Wheatland,CA,US,90
Disturbed,2023-07-29,Rogers,AR,US,90
Disturbed,2023-05-06,St. Paul,MN,US,90
Disturbed,2023-05-04,Milwaukee,WI,US,90
Disturbed,2023-07-31,Charlotte,NC,US,90
Disturbed,2023-05-01,Toronto,ON,Canada,90
Disturbed,2023-05-08,Winnipeg,MB,Canada,90
Disturbed,2023-05-10,Edmonton,AB,Canada,90
Disturbed,2023-05-12,Abbotsford,BC,Canada,90
Disturbed,2023-06-06,Athens,,Greece,90
Disturbed,2023-06-07,Nickelsdorf,,Austria,90
Disturbed,2023-06-07,Castle Donington,,UK,90
Disturbed,2023-06-12,Hamburg,,Germany,90
Disturbed,2023-06-14,Stockholm,,Sweden,90
Disturbed,2023-06-15,Dessel,,Belgium,90
Disturbed,2023-06-16,Landgraaf,,Netherlands,90
Disturbed,2023-06-21,Wetzikon,,Switzerland,90
Disturbed,2023-06-23,Hockenheim,,Germany,90
Disturbed,2023-06-24,Munich,,Germany,90
Disturbed,2023-06-28,Tel Aviv-Jaffa,,Israel,90
Disturbed,2023-07-11,Denver,CO,US,90
Disturbed,2023-07-13,West Valley City,UT,US,90
Disturbed,2023-07-15,Ridgefield,WA,US,90
Disturbed,2023-07-16,Auburn,WA,US,90
Ed Sheeran,2023-08-12,Minneapolis,MN,US,90
Ed Sheeran,2023-08-19,Denver,CO,US,90
Ed Sheeran,2023-08-26,Seattle,WA,US,90
Ed Sheeran,2023-09-23,Inglewood,CA,US,90
Ed Sheeran,2023-09-09,Las Vegas,NV,US,90
Ed Sheeran,2023-09-16,Santa Clara,CA,US,90
Ed Sheeran,2023-08-05,Kansas City,MO,US,90
Ed Sheeran,2023-09-02,Vancouver,BC,Canada,90
Ed Sheeran,2023-07-29,Chicago,IL,US,90
Ed Sheeran,2023-06-24,Landover,MD,US,90
Ed Sheeran,2023-07-15,Detroit,MI,US,90
Ed Sheeran,2023-05-06,Arlington,TX,US,90
Ed Sheeran,2023-05-13,Houston,TX,US,90
Ed Sheeran,2023-05-20,Tampa,FL,US,90
Ed Sheeran,2023-05-27,Atlanta,GA,US,90
Ed Sheeran,2023-06-03,Philadelphia,PA,US,90
Ed Sheeran,2023-06-10,East Rutherford,NJ,US,90
Ed Sheeran,2023-06-11,East Rutherford,NJ,US,90
Ed Sheeran,2023-06-17,Toronto,ON,Canada,90
Ed Sheeran,2023-06-18,Toronto,ON,Canada,90
Ed Sheeran,2023-06-30,Foxborough,MA,US,90
Ed Sheeran,2023-07-01,Foxborough,MA,US,90
Ed Sheeran,2023-07-08,Pittsburgh,PA,US,90
Ed Sheeran,2023-07-22,Nashville,TN,US,90
Good Charlotte,2023-10-21,Las Vegas,NV,US,90
Harry Styles,2023-07-08,Vienna,,Austria,90
Harry Styles,2023-06-14,London,,UK,90
Harry Styles,2023-06-16,London,,UK,90
Harry Styles,2023-06-17,London,,UK,90
Harry Styles,2023-06-20,Cardiff,,UK,90
Harry Styles,2023-06-21,Cardiff,,UK,90
Harry Styles,2023-06-24,Rotselaar,,Belgium,90
Harry Styles,2023-06-27,Düsseldorf,,Germany,90
Harry Styles,2023-06-28,Düsseldorf,,Germany,90
Harry Styles,2023-07-02,Warsaw,,Poland,90
Harry Styles,2023-07-05,Frankfurt,,Germany,90
Harry Styles,2023-07-06,Frankfurt,,Germany,90
Harry Styles,2023-07-12,Barcelona,,Spain,90
Harry Styles,2023-07-14,Madrid,,Spain,90
Harry Styles,2023-07-18,Algés,,Portugal,90
Harry Styles,2023-07-22,Reggio Emilia,,Italy,90
Harry Styles,2023-06-13,London,,UK,90
Harry Styles,2023-06-06,Manchester,,UK,90
Harry Styles,2023-06-10,Slane,,Ireland,90
Harry Styles,2023-05-17,Munich,,Germany,90
Harry Styles,2023-05-13,Horsens,,Denmark,90
Harry Styles,2023-05-14,Horsens,,Denmark,90
Harry Styles,2023-06-06,Amsterdam,,Netherlands,90
Harry Styles,2023-05-18,Munich,,Germany,90
Harry Styles,2023-05-22,Coventry,,UK,90
Harry Styles,2023-05-26,Edinburgh,,UK,90
Harry Styles,2023-05-27,Edinburgh,,UK,90
Harry Styles,2023-06-01,Saint-Denis,,France,90
Harry Styles,2023-06-02,Saint-Denis,,France,90
Harry Styles,2023-06-04,Amsterdam,,Netherlands,90
Harry Styles,2023-06-05,Amsterdam,,Netherlands,90
Harry Styles,2023-05-23,Coventry,,UK,90
Hollywood Undead,2023-06-22,Ysselsteyn,,Netherlands,90
Hollywood Undead,2023-06-02,Nürburg,,Germany,90
Hollywood Undead,2023-06-24,Münster,,Germany,90
Hollywood Undead,2023-06-02,Nuremberg,,Germany,90
Hollywood Undead,2023-06-08,Interlaken,,Switzerland,90
Hollywood Undead,2023-06-15,Clisson,,France,90
Hollywood Undead,2023-06-15,Dessel,,Belgium,90
Lizzo,2023-05-06,Hartford,CT,US,90
Lizzo,2023-07-26,Auckland,,New Zealand,90
Lizzo,2023-05-04,Montreal,QC,Canada,90
Lizzo,2023-05-10,Raleigh,NC,US,90
Lizzo,2023-06-28,Gdynia,,Poland,90
Lizzo,2023-06-29,Stockholm,,Sweden,90
Lizzo,2023-05-12,Cleveland,OH,US,90
Lizzo,2023-05-13,Pittsburgh,PA,US,90
Lizzo,2023-07-03,Luxembourg,,Luxembourg,90
Lizzo,2023-05-16,Milwaukee,WI,US,90
Lizzo,2023-05-17,Chicago,IL,US,90
Lizzo,2023-05-19,Omaha,NE,US,90
Lizzo,2023-05-20,Tulsa,OK,US,90
Lizzo,2023-07-06,Madrid,,Spain,90
Lizzo,2023-05-24,Phoenix,AZ,US,90
Lizzo,2023-05-25,San Diego,CA,US,90
Lizzo,2023-05-26,Napa,CA,US,90
Lizzo,2023-05-28,Sacramento,CA,US,90
Lizzo,2023-05-09,Baltimore,MD,US,90
Lizzo,2023-06-09,Corona,NY,US,90
Lizzo,2023-06-21,Pilton,,UK,90
Lizzo,2023-06-22,Belfast,,UK,90
Lizzo,2023-07-06,Algés,,Portugal,90
Lizzo,2023-06-02,Palm Desert,CA,US,90
Monuments,2023-06-07,Castle Donington,,UK,90
Mother Mother,2023-08-25,Leeds,,UK,90
Mother Mother,2023-06-16,Edmonton,AB,Canada,90
Mother Mother,2023-08-17,St Pölten,,Austria,90
Mother Mother,2023-09-09,Berlin,,Germany,90
Mother Mother,2023-05-20,Guadalajara,,Mexico,90
Post Malone,2023-05-19,Amsterdam,,Netherlands,90
Post Malone,2023-05-26,Napa,CA,US,90
Post Malone,2023-05-01,Cologne,,Germany,90
Post Malone,2023-05-04,London,,UK,90
Post Malone,2023-09-02,São Paulo,,Brazil,90
Post Malone,2023-05-06,London,,UK,90
Post Malone,2023-05-09,Dublin,,Ireland,90
Post Malone,2023-05-10,Dublin,,Ireland,90
Post Malone,2023-05-13,Glasgow,,UK,90
Post Malone,2023-05-14,Birmingham,,UK,90
Post Malone,2023-05-16,Manchester,,UK,90
Post Malone,2023-05-17,Manchester,,UK,90
Post Malone,2023-05-20,Amsterdam,,Netherlands,90
Post Malone,2023-05-07,London,,UK,90
thrown,2023-08-12,Karlsruhe,,Germany,90
thrown,2023-07-06,Velké Meziříčí,,Czech Republic,90
thrown,2023-07-12,Dour,,Belgium,90
Anika Nilles,2023-05-13,Dortmund,,Germany,100
Arch Echo,2023-05-30,South Salt Lake,UT,US,100
Arch Echo,2023-05-05,Toronto,ON,Canada,100
Arch Echo,2023-05-06,Montreal,QC,Canada,100
Arch Echo,2023-05-07,Québec,QC,Canada,100
Arch Echo,2023-05-09,Boston,MA,US,100
Arch Echo,2023-05-10,Philadelphia,PA,US,100
Arch Echo,2023-05-11,New York (NYC),NY,US,100
Arch Echo,2023-05-12,Washington,DC,US,100
Arch Echo,2023-05-13,Charlotte,NC,US,100
Arch Echo,2023-05-15,Fort Lauderdale,FL,US,100
Arch Echo,2023-05-17,Atlanta,GA,US,100
Arch Echo,2023-05-19,Dallas,TX,US,100
Arch Echo,2023-05-20,Austin,TX,US,100
Arch Echo,2023-05-21,El Paso,TX,US,100
Arch Echo,2023-05-22,Mesa,AZ,US,100
Arch Echo,2023-05-23,San Diego,CA,US,100
Arch Echo,2023-05-24,Los Angeles (LA),CA,US,100
Arch Echo,2023-05-25,San Francisco,CA,US,100
Arch Echo,2023-05-26,Portland,OR,US,100
Arch Echo,2023-05-27,Seattle,WA,US,100
Arch Echo,2023-05-28,Vancouver,BC,Canada,100
Arch Echo,2023-05-31,Englewood,CO,US,100
Arch Echo,2023-06-01,Lawrence,KS,US,100
Arch Echo,2023-06-02,Minneapolis,MN,US,100
Arch Echo,2023-06-03,Chicago,IL,US,100
Arch Echo,2023-05-04,Cleveland,OH,US,100
Arch Echo,2023-05-03,Nashville,TN,US,100
Arch Echo,2023-05-16,Orlando,FL,US,100
Axwell & Ingrosso,2023-06-02,Umeå,,Sweden,100
Dave Koz,2023-09-03,Charleston,SC,US,100
Dave Koz,2023-09-23,Temecula,CA,US,100
Dave Koz,2023-09-08,Saratoga,CA,US,100
Dave Koz,2023-08-26,Houston,TX,US,100
Dave Koz,2023-09-24,Temecula,CA,US,100
Dave Koz,2023-08-20,Alexandria,VA,US,100
Dave Koz,2023-08-19,Norfolk,VA,US,100
Dave Koz,2023-08-12,Kettering,OH,US,100
Dave Koz,2023-08-11,Bensalem,PA,US,100
Dave Koz,2023-07-08,Napa,CA,US,100
Dave Koz,2023-07-14,Sandy Springs,GA,US,100
Dave Koz,2023-07-15,Kansas City,MO,US,100
Dave Koz,2023-07-16,Winter Park,CO,US,100
Dave Koz,2023-07-21,Flagstaff,AZ,US,100
Dave Koz,2023-07-22,Las Vegas,NV,US,100
Dave Koz,2023-08-25,Dallas,TX,US,100
Demi Lovato,2023-06-16,Asbury Park,NJ,US,100
Demi Lovato,2023-08-25,Columbus,OH,US,100
H.E.R.,2024-02-20,Frankfurt,,Germany,100
H.E.R.,2024-02-15,Frankfurt,,Germany,100
H.E.R.,2023-10-01,Pasadena,CA,US,100
H.E.R.,2023-09-30,Pasadena,CA,US,100
H.E.R.,2023-09-28,San Diego,CA,US,100
H.E.R.,2023-09-27,San Diego,CA,US,100
H.E.R.,2023-09-22,Vancouver,BC,Canada,100
H.E.R.,2023-09-20,Seattle,WA,US,100
H.E.R.,2023-09-23,Vancouver,BC,Canada,100
Marianas Trench,2023-03-24,Enoch,AB,Canada,100
OneRepublic,2023-07-11,Rome,,Italy,100
OneRepublic,2023-07-12,Naples,,Italy,100
OneRepublic,2023-07-08,Klam,,Austria,100
OneRepublic,2023-06-24,Ulm,,Germany,100
OneRepublic,2023-07-07,Moosburg,,Austria,100
OneRepublic,2023-07-04,Bonn,,Germany,100
OneRepublic,2023-06-29,Stockholm,,Sweden,100
OneRepublic,2023-06-28,Nibe,,Denmark,100
OneRepublic,2023-06-28,Gdynia,,Poland,100
OneRepublic,2023-06-22,Hamburg,,Germany,100
OneRepublic,2023-06-25,Wiesbaden,,Germany,100
OneRepublic,2023-06-17,Rotselaar,,Belgium,100
OneRepublic,2023-06-21,Mönchengladbach,,Germany,100
OneRepublic,2023-07-22,Salem,,Germany,100
OneRepublic,2023-07-21,Rosenheim,,Germany,100
OneRepublic,2023-07-19,Ostrava,,Czech Republic,100
OneRepublic,2023-07-14,Mantova,,Italy,100
OneRepublic,2023-07-16,Lucca,,Italy,100
OneRepublic,2023-05-13,Mexico City,,Mexico,100
OneRepublic,2023-06-14,London,,UK,100
OneRepublic,2023-06-15,Newport,,UK,100
OneRepublic,2023-06-16,Landgraaf,,Netherlands,100
OneRepublic,2023-05-11,Hollywood,FL,US,100
Parov Stelar,2023-06-03,Istanbul,,Turkey,100
Parov Stelar,2023-07-07,Eisenstadt,,Austria,100
Parov Stelar,2023-07-13,Stuttgart,,Germany,100
Parov Stelar,2023-07-20,Stuttgart,,Germany,100
Parov Stelar,2023-09-16,London,,UK,100
Parov Stelar,2023-07-05,Barcelona,,Spain,100
Thirty Seconds To Mars,2023-10-21,Las Vegas,NV,US,100
Avenged Sevenfold,2023-06-23,New York (NYC),NY,US,110
Avenged Sevenfold,2023-09-21,Louisville,KY,US,110
Avenged Sevenfold,2023-10-05,Sacramento,CA,US,110
Avenged Sevenfold,2023-06-09,Inglewood,CA,US,110
Avenged Sevenfold,2023-05-18,Daytona Beach,FL,US,110
Avenged Sevenfold,2023-05-25,Columbus,OH,US,110
Breaking Benjamin,2023-08-01,Alpharetta,GA,US,110
Breaking Benjamin,2023-07-31,Charlotte,NC,US,110
Breaking Benjamin,2023-07-29,Rogers,AR,US,110
Breaking Benjamin,2023-07-27,The Woodlands,TX,US,110
Breaking Benjamin,2023-07-25,Dallas,TX,US,110
Breaking Benjamin,2023-08-30,Tinley Park,IL,US,110
Breaking Benjamin,2023-07-22,Phoenix,AZ,US,110
Breaking Benjamin,2023-08-03,West Palm Beach,FL,US,110
Breaking Benjamin,2023-07-20,Irvine,CA,US,110
Breaking Benjamin,2023-07-18,Wheatland,CA,US,110
Breaking Benjamin,2023-07-23,Albuquerque,NM,US,110
Breaking Benjamin,2023-08-07,Raleigh,NC,US,110
Breaking Benjamin,2023-08-19,Wantagh,NY,US,110
Breaking Benjamin,2023-08-12,Syracuse,NY,US,110
Breaking Benjamin,2023-08-15,Cincinnati,OH,US,110
Breaking Benjamin,2023-08-21,Camden,NJ,US,110
Breaking Benjamin,2023-08-23,Gilford,NH,US,110
Breaking Benjamin,2023-08-26,Burgettstown,PA,US,110
Breaking Benjamin,2023-08-27,Cuyahoga Falls,OH,US,110
Breaking Benjamin,2023-08-29,Maryland Heights,MO,US,110
Breaking Benjamin,2023-07-16,Auburn,WA,US,110
Breaking Benjamin,2023-09-02,Noblesville,IN,US,110
Breaking Benjamin,2023-09-01,Clarkston,MI,US,110
Breaking Benjamin,2023-08-09,Bristow,VA,US,110
Breaking Benjamin,2023-07-15,Ridgefield,WA,US,110
Breaking Benjamin,2023-05-16,Grand Rapids,MI,US,110
Breaking Benjamin,2023-07-11,Denver,CO,US,110
Breaking Benjamin,2023-07-13,West Valley City,UT,US,110
Breaking Benjamin,2023-05-02,Charleston,WV,US,110
Breaking Benjamin,2023-05-03,Franklin,TN,US,110
Breaking Benjamin,2023-05-05,Huntsville,AL,US,110
Breaking Benjamin,2023-05-06,Biloxi,MS,US,110
Breaking Benjamin,2023-05-10,Park City,KS,US,110
Breaking Benjamin,2023-05-13,Dubuque,IA,US,110
Breaking Benjamin,2023-05-14,Milwaukee,WI,US,110
Breaking Benjamin,2023-05-18,Wilkes-barre,PA,US,110
Breaking Benjamin,2023-05-20,Lexington,KY,US,110
Breaking Benjamin,2023-05-21,Pikeville,KY,US,110
Breaking Benjamin,2023-05-23,Knoxville,TN,US,110
Breaking Benjamin,2023-05-11,Camdenton,MO,US,110
Bruno Mars,2023-05-24,Las Vegas,NV,US,110
Bruno Mars,2023-05-27,Las Vegas,NV,US,110
Bruno Mars,2023-05-28,Las Vegas,NV,US,110
Bruno Mars,2023-05-31,Las Vegas,NV,US,110
Bruno Mars,2023-06-02,Las Vegas,NV,US,110
Bruno Mars,2023-06-03,Las Vegas,NV,US,110
Bruno Mars,2023-09-02,São Paulo,,Brazil,110
Bruno Mars,2023-09-14,Louisville,KY,US,110
Eagles of Death Metal,2023-07-13,Hamburg,,Germany,110
Eagles of Death Metal,2023-07-17,Berlin,,Germany,110
Eagles of Death Metal,2023-07-11,Hannover,,Germany,110
Eagles of Death Metal,2023-07-10,Leipzig,,Germany,110
Eagles of Death Metal,2023-07-09,Frankfurt,,Germany,110
Eagles of Death Metal,2023-07-05,Cheltenham,,UK,110
Eagles of Death Metal,2023-07-05,Sheffield,,UK,110
Eagles of Death Metal,2023-07-04,London,,UK,110
Eagles of Death Metal,2023-07-18,Nuremberg,,Germany,110
Echosmith,2023-07-08,Kirtland,OH,US,110
Fall Out Boy,2023-06-21,Chicago,IL,US,110
Fall Out Boy,2023-11-07,Hamburg,,Germany,110
Fall Out Boy,2023-06-24,Bonner Springs,KS,US,110
Fall Out Boy,2023-08-04,Darien Center,NY,US,110
Fall Out Boy,2023-08-05,Holmdel,NJ,US,110
Fall Out Boy,2023-08-06,Camden,NJ,US,110
Fall Out Boy,2023-08-19,Tokyo,,Japan,110
Fall Out Boy,2023-10-17,Warsaw,,Poland,110
Fall Out Boy,2023-10-20,Assago,,Italy,110
Fall Out Boy,2023-10-21,Munich,,Germany,110
Fall Out Boy,2023-10-23,Paris,,France,110
Fall Out Boy,2023-10-23,Rouen,,France,110
Fall Out Boy,2023-08-02,Boston,MA,US,110
Fall Out Boy,2023-10-24,Amsterdam,,Netherlands,110
Fall Out Boy,2023-10-27,Leeds,,UK,110
Fall Out Boy,2023-10-28,Glasgow,,UK,110
Fall Out Boy,2023-10-29,Manchester,,UK,110
Fall Out Boy,2023-10-31,Birmingham,,UK,110
Fall Out Boy,2023-11-02,London,,UK,110
Fall Out Boy,2023-11-03,London,,UK,110
Fall Out Boy,2023-11-04,Cardiff,,UK,110
Fall Out Boy,2023-11-06,Oberhausen,,Germany,110
Fall Out Boy,2023-10-25,Brussels,,Belgium,110
Fall Out Boy,2023-08-01,Queens,NY,US,110
Fall Out Boy,2023-07-30,Toronto,ON,Canada,110
Fall Out Boy,2023-07-29,Clarkston,MI,US,110
Fall Out Boy,2023-06-27,The Woodlands,TX,US,110
Fall Out Boy,2023-06-28,Dallas,TX,US,110
Fall Out Boy,2023-06-30,Phoenix,AZ,US,110
Fall Out Boy,2023-07-01,Chula Vista,CA,US,110
Fall Out Boy,2023-07-02,Los Angeles (LA),CA,US,110
Fall Out Boy,2023-07-03,Los Angeles (LA),CA,US,110
Fall Out Boy,2023-07-05,Mountain View,CA,US,110
Fall Out Boy,2023-07-07,West Valley City,UT,US,110
Fall Out Boy,2023-07-09,Greenwood Village,CO,US,110
Fall Out Boy,2023-07-11,Rogers,AR,US,110
Fall Out Boy,2023-07-13,Somerset,WI,US,110
Fall Out Boy,2023-11-08,Berlin,,Germany,110
Fall Out Boy,2023-07-15,Cincinnati,OH,US,110
Fall Out Boy,2023-07-16,Noblesville,IN,US,110
Fall Out Boy,2023-07-18,Cuyahoga Falls,OH,US,110
Fall Out Boy,2023-07-19,Bristow,VA,US,110
Fall Out Boy,2023-07-21,Charlotte,NC,US,110
Fall Out Boy,2023-07-22,Virginia Beach,VA,US,110
Fall Out Boy,2023-07-24,West Palm Beach,FL,US,110
Fall Out Boy,2023-07-25,Tampa,FL,US,110
Fall Out Boy,2023-06-23,Maryland Heights,MO,US,110
Fall Out Boy,2023-07-26,Atlanta,GA,US,110
Fall Out Boy,2023-10-18,Prague,,Czech Republic,110
Infected Mushroom,2024-02-12,Anuradhapura,,Sri Lanka,110
Infected Mushroom,2023-03-31,Edmonton,AB,Canada,110
Infected Mushroom,2023-03-25,Toronto,ON,Canada,110
Korn,2023-05-13,Las Vegas,NV,US,110
Korn,2023-06-24,Monterrey,,Mexico,110
Korn,2023-10-05,Sacramento,CA,US,110
Madeon,2023-06-23,Dallas,TX,US,110
Madeon,2023-06-22,Rothbury,MI,US,110
Maroon 5,2023-06-13,Algés,,Portugal,110
Maroon 5,2023-09-02,São Paulo,,Brazil,110
Maroon 5,2023-08-12,Las Vegas,NV,US,110
Maroon 5,2023-08-11,Las Vegas,NV,US,110
Maroon 5,2023-08-09,Las Vegas,NV,US,110
Maroon 5,2023-08-05,Las Vegas,NV,US,110
Maroon 5,2023-08-04,Las Vegas,NV,US,110
Maroon 5,2023-08-02,Las Vegas,NV,US,110
Maroon 5,2023-07-29,Las Vegas,NV,US,110
Maroon 5,2023-07-28,Las Vegas,NV,US,110
Maroon 5,2023-07-04,Birmingham,,UK,110
Maroon 5,2023-06-15,Madrid,,Spain,110
Maroon 5,2023-07-03,London,,UK,110
Maroon 5,2023-06-27,Berlin,,Germany,110
Maroon 5,2023-06-25,Amsterdam,,Netherlands,110
Maroon 5,2023-06-21,Prague,,Czech Republic,110
Maroon 5,2023-06-16,Barcelona,,Spain,110
Maroon 5,2023-06-30,Arras,,France,110
Maroon 5,2023-06-18,Florence,,Italy,110
Miguel Migs,2023-05-20,Hollywood,CA,US,110
Miguel Migs,2023-06-02,Orlando,FL,US,110
NOTD,2023-07-14,Vaasa,,Finland,110
NOTD,2023-06-29,North Charleston,SC,US,110
NOTD,2023-06-27,Newport,KY,US,110
NOTD,2023-06-17,Philadelphia,PA,US,110
NOTD,2023-06-16,Mansfield,MA,US,110
NOTD,2023-06-14,Pittsburgh,PA,US,110
NOTD,2023-06-22,Charlotte,NC,US,110
Queens of the Stone Age,2023-06-29,Rotselaar,,Belgium,110
Queens of the Stone Age,2023-10-05,Sacramento,CA,US,110
Queens of the Stone Age,2023-09-21,Louisville,KY,US,110
Queens of the Stone Age,2023-07-04,Albi,,France,110
Queens of the Stone Age,2023-06-28,Gdynia,,Poland,110
Queens of the Stone Age,2023-07-06,Madrid,,Spain,110
Queens of the Stone Age,2023-06-16,Neuhausen Ob Eck,,Germany,110
Queens of the Stone Age,2023-06-16,Scheessel,,Germany,110
Queens of the Stone Age,2023-06-16,Landgraaf,,Netherlands,110
Queens of the Stone Age,2023-05-31,Lyon,,France,110
Queens of the Stone Age,2023-05-26,Boston,MA,US,110
Queens of the Stone Age,2023-05-25,Columbus,OH,US,110
Queens of the Stone Age,2023-05-18,Daytona Beach,FL,US,110
Queens of the Stone Age,2023-06-24,Roskilde,,Denmark,110
Queens of the Stone Age,2023-07-06,Algés,,Portugal,110
RAYE,2023-11-23,Berlin,,Germany,110
RAYE,2023-11-24,Warsaw,,Poland,110
RAYE,2023-11-29,Bridlington,,UK,110
RAYE,2023-11-30,Glasgow,,UK,110
RAYE,2023-12-05,Birmingham,,UK,110
RAYE,2023-11-21,Amsterdam,,Netherlands,110
RAYE,2023-12-06,London,,UK,110
RAYE,2023-12-07,Bristol,,UK,110
RAYE,2023-12-01,Newcastle Upon Tyne,,UK,110
RAYE,2023-11-20,Esch Sur Alzette,,Luxembourg,110
RAYE,2023-12-02,Manchester,,UK,110
RAYE,2023-11-18,Paris,,France,110
RAYE,2023-11-19,Amsterdam,,Netherlands,110
RAYE,2023-05-05,New York (NYC),NY,US,110
RAYE,2023-05-15,Chicago,IL,US,110
RAYE,2023-06-10,Manchester,,UK,110
RAYE,2023-08-25,Newbridge,,UK,110
RAYE,2023-08-26,Newbridge,,UK,110
RAYE,2023-09-01,Bristol,,UK,110
RAYE,2023-09-02,Munich,,Germany,110
RAYE,2023-06-29,Rotselaar,,Belgium,110
Sam Wills,2023-05-09,London,,UK,110
Veil of Maya,2023-05-01,Garden City,ID,US,110
Veil of Maya,2023-05-25,Silver Spring,MD,US,110
Veil of Maya,2023-05-03,San Diego,CA,US,110
Veil of Maya,2023-05-04,Los Angeles (LA),CA,US,110
Veil of Maya,2023-05-05,San Francisco,CA,US,110
Veil of Maya,2023-05-28,Pittsburgh,PA,US,110
Veil of Maya,2023-05-26,Philadelphia,PA,US,110
Veil of Maya,2023-05-24,Boston,MA,US,110
Veil of Maya,2023-05-09,Austin,TX,US,110
Veil of Maya,2023-05-21,Lexington,KY,US,110
Veil of Maya,2023-05-20,Atlanta,GA,US,110
Veil of Maya,2023-05-19,St Petersburg,FL,US,110
Veil of Maya,2023-05-15,Chicago,IL,US,110
Veil of Maya,2023-05-10,Dallas,TX,US,110
Veil of Maya,2023-05-14,East Moline,IL,US,110
Veil of Maya,2023-05-23,New York (NYC),NY,US,110
Veil of Maya,2023-05-06,Las Vegas,NV,US,110
Veil of Maya,2023-05-07,Phoenix,AZ,US,110
Cory Wong,2023-09-29,Oslo,,Norway,120
Cory Wong,2023-08-03,Honolulu,HI,US,120
Cory Wong,2023-07-25,Marciac,,France,120
Cory Wong,2023-07-19,Stuttgart,,Germany,120
Cory Wong,2023-07-16,Sete,,France,120
Cory Wong,2023-05-26,Chillicothe,IL,US,120
Cory Wong,2023-07-13,Snowshoe,WV,US,120
Cory Wong,2023-08-04,Honolulu,HI,US,120
Cory Wong,2023-09-28,Stockholm,,Sweden,120
Cory Wong,2023-08-05,Honolulu,HI,US,120
Cory Wong,2023-10-08,Berlin,,Germany,120
Cory Wong,2023-10-06,Brussels,,Belgium,120
Cory Wong,2023-10-05,Utrecht,,Netherlands,120
Cory Wong,2023-10-03,Amsterdam,,Netherlands,120
Cory Wong,2023-10-02,Amsterdam,,Netherlands,120
Cory Wong,2023-10-04,Paris,,France,120
Cory Wong,2023-10-11,London,,UK,120
Cory Wong,2023-10-12,Birmingham,,UK,120
Cory Wong,2023-10-13,Manchester,,UK,120
Cory Wong,2023-10-14,Glasgow,,UK,120
Cory Wong,2023-10-17,Dublin,,Ireland,120
Cory Wong,2023-09-30,Copenhagen,,Denmark,120
Cory Wong,2023-10-09,Tilburg,,Netherlands,120
Diplo,2023-06-04,Barcelona,,Spain,120
Diplo,2023-08-20,Novalja,,Croatia,120
Diplo,2023-08-06,Seattle,WA,US,120
Diplo,2023-08-05,Los Angeles (LA),CA,US,120
Diplo,2023-07-15,San Francisco,CA,US,120
Diplo,2023-06-30,Turin,,Italy,120
Diplo,2023-06-08,Arganda del Rey,,Spain,120
Diplo,2023-06-11,Madrid,,Spain,120
Diplo,2023-05-04,New Orleans,LA,US,120
Diplo,2023-05-10,Nashville,TN,US,120
Diplo,2023-05-20,London,,UK,120
Diplo,2023-05-24,Bakersfield,CA,US,120
Diplo,2023-06-09,Corona,NY,US,120
Foo Fighters,2023-06-14,Rogers,AR,US,120
Foo Fighters,2023-05-26,Boston,MA,US,120
Foo Fighters,2023-06-02,Nürburg,,Germany,120
Foo Fighters,2023-06-02,Nuremberg,,Germany,120
Foo Fighters,2023-06-15,Manchester,TN,US,120
Foo Fighters,2023-06-16,Pelham,AL,US,120
Foo Fighters,2023-05-25,Columbus,OH,US,120
Foo Fighters,2023-07-06,Ottawa,ON,Canada,120
Foo Fighters,2023-07-28,Niigata,,Japan,120
Foo Fighters,2023-08-11,San Francisco,CA,US,120
Foo Fighters,2023-09-01,Aspen,CO,US,120
Foo Fighters,2023-09-02,São Paulo,,Brazil,120
Foo Fighters,2023-09-16,Asbury Park,NJ,US,120
Foo Fighters,2023-09-21,Louisville,KY,US,120
Foo Fighters,2023-07-13,River Falls,WI,US,120
Foo Fighters,2023-05-24,Gilford,NH,US,120
Hiatus Kaiyote,2023-05-02,Silver Spring,MD,US,120
Hiatus Kaiyote,2023-05-04,Atlanta,GA,US,120
Hiatus Kaiyote,2023-05-06,Madison,TN,US,120
MAX,2023-07-14,Columbia,MD,US,120
Magnolia Park,2023-10-21,Las Vegas,NV,US,120
Martin Garrix,2023-09-02,Munich,,Germany,120
Martin Garrix,2023-10-20,Amsterdam,,Netherlands,120
Martin Garrix,2023-09-14,Sant Josep de sa Talaia,,Spain,120
Martin Garrix,2023-08-18,Orange,,France,120
Martin Garrix,2023-08-31,Sant Josep de sa Talaia,,Spain,120
Martin Garrix,2023-08-17,Sant Josep de sa Talaia,,Spain,120
Martin Garrix,2023-07-01,Kristiansand,,Norway,120
Martin Garrix,2023-08-10,Sant Josep de sa Talaia,,Spain,120
Martin Garrix,2023-08-04,Espoo,,Finland,120
Martin Garrix,2023-08-03,Sant Josep de sa Talaia,,Spain,120
Martin Garrix,2023-07-27,Sant Josep de sa Talaia,,Spain,120
Martin Garrix,2023-07-20,Sant Josep de sa Talaia,,Spain,120
Martin Garrix,2023-08-24,Sant Josep de sa Talaia,,Spain,120
Martin Garrix,2023-08-25,Le Touquet,,France,120
Martin Garrix,2023-07-13,Sant Josep de sa Talaia,,Spain,120
Martin Garrix,2023-07-08,Santiago de Compostela,,Spain,120
Martin Garrix,2023-07-06,Sant Josep de sa Talaia,,Spain,120
Martin Garrix,2023-09-07,Sant Josep de sa Talaia,,Spain,120
Martin Garrix,2023-06-30,Kristiansand,,Norway,120
Martin Garrix,2023-06-29,Sant Josep de sa Talaia,,Spain,120
Martin Garrix,2023-06-22,Sant Josep de sa Talaia,,Spain,120
Martin Garrix,2023-05-31,Tel Aviv-Jaffa,,Israel,120
Martin Garrix,2023-06-30,Bonn,,Germany,120
Powfu,2023-09-23,Amsterdam,,Netherlands,120
Powfu,2023-09-24,Berlin,,Germany,120
Powfu,2023-09-26,Milan,,Italy,120
Powfu,2023-10-04,Birmingham,,UK,120
Powfu,2023-10-06,Manchester,,UK,120
Powfu,2023-10-07,Dublin,,Ireland,120
Snarky Puppy,2023-05-26,Rio de Janeiro,,Brazil,120
Snarky Puppy,2023-06-22,Victoria,BC,Canada,120
Snarky Puppy,2023-06-28,Toronto,ON,Canada,120
Snarky Puppy,2023-06-30,Montreal,QC,Canada,120
Snarky Puppy,2023-07-05,Vienne,,France,120
Snarky Puppy,2023-07-13,Stuttgart,,Germany,120
Snarky Puppy,2023-07-21,Sete,,France,120
Snarky Puppy,2023-07-23,Marciac,,France,120
Snarky Puppy,2024-02-02,Miami Beach,FL,US,120
Snarky Puppy,2023-09-13,Vancouver,BC,Canada,120
Sungazer,2023-05-01,Portland,OR,US,120
Sungazer,2023-05-02,Vancouver,BC,Canada,120
Sungazer,2023-05-03,Seattle,WA,US,120
Sungazer,2023-05-05,Salt Lake City,UT,US,120
Sungazer,2023-05-06,Englewood,CO,US,120
Sungazer,2023-05-09,Chicago,IL,US,120
Sungazer,2023-05-10,Detroit,MI,US,120
Sungazer,2023-05-11,Toronto,ON,Canada,120
Sungazer,2023-05-13,Boston,MA,US,120
Sungazer,2023-05-14,New York (NYC),NY,US,120
Sungazer,2023-05-15,New York (NYC),NY,US,120
Sungazer,2023-05-16,Pittsburgh,PA,US,120
Sungazer,2023-05-27,Los Angeles (LA),CA,US,120
Sungazer,2023-05-26,Phoenix,AZ,US,120
Sungazer,2023-05-24,Austin,TX,US,120
Sungazer,2023-05-23,Dallas,TX,US,120
Sungazer,2023-05-20,Orlando,FL,US,120
Sungazer,2023-05-19,Charlotte,NC,US,120
Sungazer,2023-05-08,Minneapolis,MN,US,120
TOOL,2023-05-25,Columbus,OH,US,120
TOOL,2023-10-05,Sacramento,CA,US,120
TOOL,2023-09-21,Louisville,KY,US,120
TOOL,2023-05-18,Daytona Beach,FL,US,120
Theory of a Deadman,2023-05-12,Abbotsford,BC,Canada,120
Theory of a Deadman,2023-07-01,Traverse,MI,US,120
Theory of a Deadman,2023-06-22,Sarnia,ON,Canada,120
Theory of a Deadman,2023-04-27,Montreal,QC,Canada,120
Theory of a Deadman,2023-05-11,Calgary,AB,Canada,120
Theory of a Deadman,2023-05-10,Edmonton,AB,Canada,120
Theory of a Deadman,2023-05-08,Winnipeg,MB,Canada,120
Theory of a Deadman,2023-05-06,Thunder Bay,ON,Canada,120
Theory of a Deadman,2023-05-04,Ottawa,ON,Canada,120
Theory of a Deadman,2023-05-01,Toronto,ON,Canada,120
Theory of a Deadman,2023-04-29,Québec,QC,Canada,120
Theory of a Deadman,2023-04-25,Moncton,NB,Canada,120
Theory of a Deadman,2023-07-20,Menahga,MN,US,120
Theory of a Deadman,2023-08-23,Syracuse,NY,US,120
Theory of a Deadman,2023-04-28,Peterborough,ON,Canada,120
Theory of a Deadman,2023-09-22,London,,UK,120
Theory of a Deadman,2023-09-23,Nottingham,,UK,120
Theory of a Deadman,2023-09-24,Glasgow,,UK,120
Theory of a Deadman,2023-09-26,Manchester,,UK,120
Theory of a Deadman,2023-09-27,Cardiff,,UK,120
Theory of a Deadman,2023-09-30,Cambridge,,UK,120
Theory of a Deadman,2023-09-29,Wolverhampton,,UK,120
Theory of a Deadman,2023-09-01,Pryor,OK,US,120
Unprocessed,2023-08-16,Compton Martin,,UK,120
Unprocessed,2023-07-28,Manchester,,UK,120
Unprocessed,2023-06-26,Haarlem,,Netherlands,120
Unprocessed,2023-06-20,Münster,,Germany,120
Unprocessed,2023-06-27,Eindhoven,,Netherlands,120
Unprocessed,2023-04-22,Vancouver,BC,Canada,120
Unprocessed,2023-06-02,Milan,,Italy,120
Animals As Leaders,2023-11-03,Glasgow,,UK,130
Animals As Leaders,2023-11-04,Birmingham,,UK,130
Animals As Leaders,2023-11-05,Paris,,France,130
Animals As Leaders,2023-11-01,Manchester,,UK,130
Animals As Leaders,2023-11-08,Milan,,Italy,130
Animals As Leaders,2023-11-10,Munich,,Germany,130
Animals As Leaders,2023-11-11,Cologne,,Germany,130
Animals As Leaders,2023-11-12,Hamburg,,Germany,130
Animals As Leaders,2023-11-13,Berlin,,Germany,130
Animals As Leaders,2023-11-16,Nijmegen,,Netherlands,130
Animals As Leaders,2023-11-02,London,,UK,130
Animals As Leaders,2023-11-07,Aarau,,Switzerland,130
Anomalie,2023-05-27,Yokohama,,Japan,130
Anomalie,2023-06-23,Toronto,ON,Canada,130
Louis Cole,2023-07-19,Madrid,,Spain,130
Louis Cole,2023-05-28,Stockholm,,Sweden,130
Louis Cole,2023-06-07,Amsterdam,,Netherlands,130
Louis Cole,2023-06-06,Utrecht,,Netherlands,130
Louis Cole,2023-06-04,Wuppertal,,Germany,130
Louis Cole,2023-05-27,Bergen,,Norway,130
Louis Cole,2023-05-26,Helsinki,,Finland,130
Louis Cole,2023-05-23,Paris,,France,130
Louis Cole,2023-05-22,Erfurt,,Germany,130
Louis Cole,2023-05-25,Borgerhout,,Belgium,130
Louis Cole,2023-05-19,London,,UK,130
Louis Cole,2023-05-18,Bristol,,UK,130
Louis Cole,2023-05-17,Manchester,,UK,130
Louis Cole,2023-05-15,Dublin,,Ireland,130
Louis Cole,2023-05-08,Berlin,,Germany,130
Louis Cole,2023-07-28,Niigata,,Japan,130
Louis Cole,2023-05-21,Mannheim,,Germany,130
Marshmello,2023-05-28,Las Vegas,NV,US,130
Marshmello,2023-09-01,Bridgeview,IL,US,130
Marshmello,2023-07-22,Las Vegas,NV,US,130
Marshmello,2023-07-15,Las Vegas,NV,US,130
Marshmello,2023-07-01,Las Vegas,NV,US,130
Marshmello,2023-06-24,Las Vegas,NV,US,130
Marshmello,2023-06-23,Ottawa,ON,Canada,130
Marshmello,2023-06-17,Las Vegas,NV,US,130
Marshmello,2023-06-09,Frankfurt,,Germany,130
Marshmello,2023-06-17,George,WA,US,130
Marshmello,2023-06-03,Las Vegas,NV,US,130
Marshmello,2023-05-05,Las Vegas,NV,US,130
Marshmello,2023-05-14,Las Vegas,NV,US,130
Marshmello,2023-05-21,Las Vegas,NV,US,130
Marshmello,2023-05-25,Las Vegas,NV,US,130
Paramore,2023-06-14,Hollywood,FL,US,130
Paramore,2023-07-13,Denver,CO,US,130
Paramore,2023-06-13,Orlando,FL,US,130
Paramore,2023-07-06,New Orleans,LA,US,130
Paramore,2023-07-08,Fort Worth,TX,US,130
Paramore,2023-07-09,Austin,TX,US,130
Paramore,2023-07-11,Houston,TX,US,130
Paramore,2023-07-15,Palm Desert,CA,US,130
Paramore,2023-07-24,Seattle,WA,US,130
Paramore,2023-07-19,Inglewood,CA,US,130
Paramore,2023-07-20,Inglewood,CA,US,130
Paramore,2023-07-22,San Francisco,CA,US,130
Paramore,2023-07-23,San Diego,CA,US,130
Paramore,2023-06-11,Pittsburgh,PA,US,130
Paramore,2023-07-25,Portland,OR,US,130
Paramore,2023-07-27,Salt Lake City,UT,US,130
Paramore,2023-07-29,Tulsa,OK,US,130
Paramore,2023-07-30,St Louis,MO,US,130
Paramore,2023-07-16,San Diego,CA,US,130
Paramore,2023-06-10,Columbus,OH,US,130
Paramore,2023-05-31,New York (NYC),NY,US,130
Paramore,2023-06-07,Detroit,MI,US,130
Paramore,2023-08-02,St. Paul,MN,US,130
Paramore,2023-06-08,Toronto,ON,Canada,130
Paramore,2023-05-23,Charlotte,NC,US,130
Paramore,2023-05-25,Atlanta,GA,US,130
Paramore,2023-05-26,Boston,MA,US,130
Paramore,2023-05-27,Atlantic City,NJ,US,130
Paramore,2023-05-30,New York (NYC),NY,US,130
Paramore,2023-06-02,Washington,DC,US,130
Paramore,2023-06-04,Cleveland,OH,US,130
Paramore,2023-06-05,Indianapolis,IN,US,130
Paramore,2023-05-19,Gulf Shores,AL,US,130
Periphery,2023-07-28,Manchester,,UK,130
Plini,2023-05-10,Detroit,MI,US,130
Plini,2023-05-11,Toronto,ON,Canada,130
Plini,2023-05-13,Boston,MA,US,130
Plini,2023-05-14,New York (NYC),NY,US,130
Plini,2023-05-15,New York (NYC),NY,US,130
Plini,2023-05-16,Pittsburgh,PA,US,130
Plini,2023-05-17,Washington,DC,US,130
Plini,2023-05-24,Austin,TX,US,130
Plini,2023-05-23,Dallas,TX,US,130
Plini,2023-05-21,Atlanta,GA,US,130
Plini,2023-05-20,Orlando,FL,US,130
Plini,2023-05-19,Charlotte,NC,US,130
Plini,2023-05-09,Chicago,IL,US,130
Plini,2023-05-27,Los Angeles (LA),CA,US,130
Plini,2023-05-08,Minneapolis,MN,US,130
Plini,2023-05-26,Phoenix,AZ,US,130
Plini,2023-05-05,Salt Lake City,UT,US,130
Plini,2023-05-06,Englewood,CO,US,130
Plini,2023-05-01,Portland,OR,US,130
Plini,2023-05-02,Vancouver,BC,Canada,130
Plini,2023-05-03,Seattle,WA,US,130
Polyphia,2023-05-09,Bristol,,UK,130
Polyphia,2023-05-10,Glasgow,,UK,130
Polyphia,2023-05-11,London,,UK,130
Polyphia,2023-05-12,Birmingham,,UK,130
Polyphia,2023-05-13,Manchester,,UK,130
Polyphia,2023-10-11,Seattle,WA,US,130
Polyphia,2023-10-05,San Francisco,CA,US,130
Polyphia,2023-05-26,Paris,,France,130
Polyphia,2023-06-28,Sydney,NSW,Australia,130
Polyphia,2023-06-27,Brisbane,QLD,Australia,130
Polyphia,2023-05-31,London,,UK,130
Polyphia,2023-05-27,Paris,,France,130
Polyphia,2023-05-23,Zürich,,Switzerland,130
Polyphia,2023-05-22,Munich,,Germany,130
Polyphia,2023-05-21,Cologne,,Germany,130
Polyphia,2023-05-20,Leipzig,,Germany,130
Polyphia,2023-05-18,Berlin,,Germany,130
Polyphia,2023-10-31,Atlanta,GA,US,130
Polyphia,2023-10-27,Philadelphia,PA,US,130
Polyphia,2023-10-26,New York (NYC),NY,US,130
Polyphia,2023-10-25,Boston,MA,US,130
Polyphia,2023-10-24,Montreal,QC,Canada,130
Polyphia,2023-10-21,Toronto,ON,Canada,130
Polyphia,2023-10-20,Royal Oak,MI,US,130
Polyphia,2023-10-19,Chicago,IL,US,130
Polyphia,2023-10-18,Milwaukee,WI,US,130
Polyphia,2023-10-17,Minneapolis,MN,US,130
Polyphia,2023-05-17,Hamburg,,Germany,130
Polyphia,2023-10-14,Denver,CO,US,130
Polyphia,2023-05-15,Antwerp,,Belgium,130
TesseracT,2023-07-28,Sibiu,,Romania,130
Three Days Grace,2023-06-07,Nickelsdorf,,Austria,130
Three Days Grace,2023-06-07,Castle Donington,,UK,130
Three Days Grace,2023-06-02,Nuremberg,,Germany,130
Three Days Grace,2023-06-02,Nürburg,,Germany,130
Three Days Grace,2023-05-20,Harris,MI,US,130
Three Days Grace,2023-05-19,Harris,MI,US,130
Three Days Grace,2023-05-09,Portland,OR,US,130
Three Days Grace,2023-05-07,Everett,WA,US,130
Three Days Grace,2023-05-06,Spokane,WA,US,130
Three Days Grace,2023-05-03,Bozeman,MT,US,130
Three Days Grace,2023-06-15,Dessel,,Belgium,130
Three Days Grace,2023-06-21,Natz-Schabs,,Italy,130
Tigran Hamasyan,2023-07-01,Lewes,,UK,130
Tigran Hamasyan,2023-06-30,Lewes,,UK,130
Vulfpeck,2023-06-15,Manchester,TN,US,130
Haken,2023-05-05,Toronto,ON,Canada,140
Haken,2023-05-06,Montreal,QC,Canada,140
Haken,2023-05-07,Québec,QC,Canada,140
Haken,2023-05-11,New York (NYC),NY,US,140
Haken,2023-05-13,Charlotte,NC,US,140
Haken,2023-06-03,Chicago,IL,US,140
Haken,2023-05-15,Fort Lauderdale,FL,US,140
Haken,2023-05-17,Atlanta,GA,US,140
Haken,2023-05-19,Dallas,TX,US,140
Haken,2023-05-21,El Paso,TX,US,140
Haken,2023-05-24,Los Angeles (LA),CA,US,140
Haken,2023-05-25,San Francisco,CA,US,140
Haken,2023-05-26,Portland,OR,US,140
Haken,2023-05-27,Seattle,WA,US,140
Haken,2023-06-02,Minneapolis,MN,US,140
Haken,2023-06-01,Lawrence,KS,US,140
Haken,2023-05-31,Englewood,CO,US,140
Haken,2023-05-30,South Salt Lake,UT,US,140
Haken,2023-05-22,Mesa,AZ,US,140
Haken,2023-07-28,Sibiu,,Romania,140
Haken,2023-07-28,Manchester,,UK,140
Lindsey Stirling,2023-08-18,Southaven,MS,US,140
Lindsey Stirling,2023-07-25,Madrid,,Spain,140
Lindsey Stirling,2023-07-28,Cologne,,Germany,140
Lindsey Stirling,2023-08-01,Bridgeport,CT,US,140
Lindsey Stirling,2023-09-02,Bend,OR,US,140
Lindsey Stirling,2023-08-02,Portsmouth,VA,US,140
Lindsey Stirling,2023-08-05,Columbus,OH,US,140
Lindsey Stirling,2023-08-07,Charlotte,NC,US,140
Lindsey Stirling,2023-08-10,Cincinnati,OH,US,140
Lindsey Stirling,2023-08-12,Milwaukee,WI,US,140
Lindsey Stirling,2023-08-14,Maryland Heights,MO,US,140
Lindsey Stirling,2023-08-25,Casper,WY,US,140
Lindsey Stirling,2023-08-22,Waite Park,MN,US,140
Lindsey Stirling,2023-08-21,Lincoln,NE,US,140
Lindsey Stirling,2023-08-15,Indianapolis,IN,US,140
Lindsey Stirling,2023-08-08,Raleigh,NC,US,140
Lindsey Stirling,2023-09-01,Ridgefield,WA,US,140
Meshuggah,2023-06-28,Lisbon,,Portugal,140
Meshuggah,2023-06-28,Viveiro,,Spain,140
Meshuggah,2023-06-19,Cenon,,France,140
Meshuggah,2023-06-15,Dessel,,Belgium,140
Meshuggah,2023-06-15,Clisson,,France,140
Meshuggah,2023-06-13,Flensburg,,Germany,140
Meshuggah,2023-06-12,Oberhausen,,Germany,140
Meshuggah,2023-06-07,Gdansk,,Poland,140
Meshuggah,2023-06-03,Segrate,,Italy,140
Meshuggah,2023-06-02,Nuremberg,,Germany,140
Meshuggah,2023-06-02,Nürburg,,Germany,140
Meshuggah,2023-06-27,Villeurbanne,,France,140
Meshuggah,2023-06-22,Ysselsteyn,,Netherlands,140
Meshuggah,2023-06-23,Gräfenhainichen,,Germany,140
James Ehnes,2023-05-20,London,ON,Canada,150
Billie Eilish,2023-08-23,Reading,,UK,160
Billie Eilish,2023-08-23,Paris,,France,160
Billie Eilish,2023-08-09,Budapest,,Hungary,160
Billie Eilish,2023-08-03,Chicago,IL,US,160
Billie Eilish,2023-08-04,Montreal,QC,Canada,160
Billie Eilish,2023-08-25,Wetherby,,UK,160
Billie Eilish,2023-09-01,Laois,,Ireland,160
Bring Me The Horizon,2023-07-07,West Valley City,UT,US,180
Bring Me The Horizon,2023-07-05,Mountain View,CA,US,180
Bring Me The Horizon,2023-07-03,Los Angeles (LA),CA,US,180
Bring Me The Horizon,2023-07-02,Los Angeles (LA),CA,US,180
Bring Me The Horizon,2023-07-01,Chula Vista,CA,US,180
Bring Me The Horizon,2023-06-02,Nürburg,,Germany,180
Bring Me The Horizon,2023-06-28,Dallas,TX,US,180
Bring Me The Horizon,2023-06-06,Paris,,France,180
Bring Me The Horizon,2023-06-07,Castle Donington,,UK,180
Bring Me The Horizon,2023-07-25,Tampa,FL,US,180
Bring Me The Horizon,2023-07-24,West Palm Beach,FL,US,180
Bring Me The Horizon,2023-07-09,Greenwood Village,CO,US,180
Bring Me The Horizon,2023-06-30,Phoenix,AZ,US,180
Bring Me The Horizon,2023-07-11,Rogers,AR,US,180
Bring Me The Horizon,2023-08-06,Camden,NJ,US,180
Bring Me The Horizon,2023-07-13,Somerset,WI,US,180
Bring Me The Horizon,2023-07-19,Bristow,VA,US,180
Bring Me The Horizon,2023-07-18,Cuyahoga Falls,OH,US,180
Bring Me The Horizon,2023-07-16,Noblesville,IN,US,180
Bring Me The Horizon,2023-07-15,Cincinnati,OH,US,180
Bring Me The Horizon,2023-08-21,Budapest,,Hungary,180
Bring Me The Horizon,2023-08-05,Holmdel,NJ,US,180
Bring Me The Horizon,2023-08-04,Darien Center,NY,US,180
Bring Me The Horizon,2023-08-02,Boston,MA,US,180
Bring Me The Horizon,2023-07-21,Charlotte,NC,US,180
Bring Me The Horizon,2023-08-01,Queens,NY,US,180
Bring Me The Horizon,2023-07-30,Toronto,ON,Canada,180
Bring Me The Horizon,2023-07-29,Clarkston,MI,US,180
Bring Me The Horizon,2023-07-26,Atlanta,GA,US,180
Bring Me The Horizon,2023-06-08,Donnington,,UK,180
Bring Me The Horizon,2023-07-22,Virginia Beach,VA,US,180
Bring Me The Horizon,2023-06-27,The Woodlands,TX,US,180
Sam Smith,2023-05-01,Berlin,,Germany,180
Sam Smith,2023-05-04,Stockholm,,Sweden,180
Sam Smith,2023-05-06,Oslo,,Norway,180
Sam Smith,2023-05-12,Merksem,,Belgium,180
Sam Smith,2023-05-09,Amsterdam,,Netherlands,180
Sam Smith,2023-05-13,Paris,,France,180
Sam Smith,2023-05-16,Zürich,,Switzerland,180
Sam Smith,2023-05-20,Bologna,,Italy,180
Sam Smith,2023-05-21,Turin,,Italy,180
Sam Smith,2023-05-24,Manchester,,UK,180
Sam Smith,2023-05-31,Tel Aviv-Jaffa,,Israel,180
Sam Smith,2023-06-02,Warsaw,,Poland,180
Sam Smith,2023-06-03,Bucharest,,Romania,180
Sam Smith,2023-05-08,Cologne,,Germany,180
Sam Smith,2023-05-18,Vienna,,Austria,180
Sam Smith,2023-09-08,Houston,TX,US,180
Sam Smith,2023-08-08,New York (NYC),NY,US,180
Sam Smith,2023-08-09,New York (NYC),NY,US,180
Sam Smith,2023-08-11,Toronto,ON,Canada,180
Sam Smith,2023-08-12,Montreal,QC,Canada,180
Sam Smith,2023-08-15,Chicago,IL,US,180
Sam Smith,2023-08-16,St. Paul,MN,US,180
Sam Smith,2023-08-18,Denver,CO,US,180
Sam Smith,2023-08-19,Salt Lake City,UT,US,180
Sam Smith,2023-08-05,Boston,MA,US,180
Sam Smith,2023-08-22,Vancouver,BC,Canada,180
Sam Smith,2023-08-25,Portland,OR,US,180
Sam Smith,2023-08-27,Oakland,CA,US,180
Sam Smith,2023-08-28,San Francisco,CA,US,180
Sam Smith,2023-08-31,Inglewood,CA,US,180
Sam Smith,2023-09-01,Inglewood,CA,US,180
Sam Smith,2023-09-03,Phoenix,AZ,US,180
Sam Smith,2023-09-05,Austin,TX,US,180
Sam Smith,2023-09-07,Fort Worth,TX,US,180
Sam Smith,2023-08-23,Seattle,WA,US,180
Sam Smith,2023-08-04,Washington,DC,US,180
Sam Smith,2023-08-02,Philadelphia,PA,US,180
Sam Smith,2023-08-01,Raleigh,NC,US,180
Sam Smith,2023-11-11,Auckland,,New Zealand,180
Sam Smith,2023-11-08,Brisbane,QLD,Australia,180
Sam Smith,2023-11-04,Sydney,NSW,Australia,180
Sam Smith,2023-11-03,Sydney,NSW,Australia,180
Sam Smith,2023-11-01,Melbourne,VIC,Australia,180
Sam Smith,2023-10-31,Melbourne,VIC,Australia,180
Sam Smith,2023-10-28,Adelaide,SA,Australia,180
Sam Smith,2023-09-15,Mexico City,,Mexico,180
Sam Smith,2023-09-14,Mexico City,,Mexico,180
Sam Smith,2023-09-12,Monterrey,,Mexico,180
Sam Smith,2023-07-06,Madrid,,Spain,180
Sam Smith,2023-07-06,Algés,,Portugal,180
Sam Smith,2023-07-07,Pori,,Finland,180
Sam Smith,2023-07-10,Nîmes,,France,180
Sam Smith,2023-07-14,Riga,,Latvia,180
Sam Smith,2023-07-25,Miami,FL,US,180
Sam Smith,2023-07-26,Orlando,FL,US,180
Sam Smith,2023-07-28,Duluth,GA,US,180
Sam Smith,2023-07-29,Nashville,TN,US,180
Sam Smith,2023-09-11,Monterrey,,Mexico,180
deadmau5,2023-09-30,Las Vegas,NV,US,230
deadmau5,2023-09-04,Los Angeles (LA),CA,US,230
deadmau5,2023-08-17,Las Vegas,NV,US,230
deadmau5,2023-07-28,Las Vegas,NV,US,230
deadmau5,2023-06-08,Las Vegas,NV,US,230
deadmau5,2023-05-19,Las Vegas,NV,US,230
deadmau5,2023-05-05,Concord,NC,US,230
AJR,2023-05-19,Gulf Shores,AL,US,250
AJR,2023-07-08,Milwaukee,WI,US,250
AJR,2023-08-02,Costa Mesa,CA,US,250
AJR,2023-08-04,Bethlehem,PA,US,250
System Of A Down,2023-05-13,Las Vegas,NV,US,250
Jacob Collier,2023-06-10,San Francisco,CA,US,270
Jacob Collier,2023-06-27,Munich,,Germany,270
Jacob Collier,2023-06-29,Vienne,,France,270
Jacob Collier,2023-07-06,Madrid,,Spain,270
Jacob Collier,2023-06-29,Rotselaar,,Belgium,270
Jacob Collier,2023-07-03,Hamburg,,Germany,270
Jacob Collier,2023-06-22,Bristol,,UK,270
Jacob Collier,2023-06-16,Highland Park,IL,US,270
Jacob Collier,2023-06-15,Cleveland,OH,US,270
Jacob Collier,2023-06-12,Pittsburgh,PA,US,270
Jacob Collier,2023-06-13,Raleigh,NC,US,270
Jacob Collier,2023-07-06,Algés,,Portugal,270
Jacob Collier,2023-07-19,Vienna,,Austria,270
Jacob Collier,2023-07-19,Ostrava,,Czech Republic,270
Jacob Collier,2023-09-13,Hollywood,CA,US,270
Jacob Collier,2023-06-09,San Francisco,CA,US,270
Lil Nas X,2023-05-26,Napa,CA,US,270
Lil Nas X,2023-06-28,Gdynia,,Poland,270
Lil Nas X,2023-06-09,Corona,NY,US,270
Lil Nas X,2023-06-15,Manchester,TN,US,270
Lil Nas X,2023-06-21,Pilton,,UK,270
Lil Nas X,2023-06-23,Bucharest,,Romania,270
Lil Nas X,2023-05-19,Gulf Shores,AL,US,270
Lil Nas X,2023-06-29,Stockholm,,Sweden,270
Lil Nas X,2023-07-12,Tønsberg,,Norway,270
Lil Nas X,2023-07-06,Madrid,,Spain,270
Lil Nas X,2023-06-29,Rotselaar,,Belgium,270
Lil Nas X,2023-07-21,Paris,,France,270
Lil Nas X,2023-07-12,Bern,,Switzerland,270
Zedd,2023-06-10,Las Vegas,NV,US,270
Zedd,2023-07-21,Las Vegas,NV,US,270
Zedd,2023-05-13,Las Vegas,NV,US,270
Zedd,2023-05-05,Concord,NC,US,270
Zedd,2023-07-01,Las Vegas,NV,US,270
Zedd,2023-08-05,Las Vegas,NV,US,270
Zedd,2023-08-11,San Francisco,CA,US,270
Zedd,2023-08-12,Las Vegas,NV,US,270
Zedd,2023-08-19,Las Vegas,NV,US,270
Zedd,2023-08-26,Las Vegas,NV,US,270
Zedd,2023-09-01,Las Vegas,NV,US,270
Zedd,2023-09-09,Las Vegas,NV,US,270
Zedd,2023-09-16,Las Vegas,NV,US,270
Zedd,2023-09-23,Las Vegas,NV,US,270
Zedd,2023-07-15,Las Vegas,NV,US,270
